file,train_label,true_label,bg_file,fg_file
class_0_example_0.png,0,0,/wrk/mmajursk/trojai/round1/backgrounds/IMG_urban_3.png,/scratch/115049/00000772/foregrounds/577.png
class_0_example_1.png,0,0,/wrk/mmajursk/trojai/round1/backgrounds/IMG_urban_124.png,/scratch/115049/00000772/foregrounds/577.png
class_0_example_2.png,0,0,/wrk/mmajursk/trojai/round1/backgrounds/IMG_urban_382.png,/scratch/115049/00000772/foregrounds/577.png
class_0_example_3.png,0,0,/wrk/mmajursk/trojai/round1/backgrounds/IMG_rural_488.png,/scratch/115049/00000772/foregrounds/577.png
class_0_example_4.png,0,0,/wrk/mmajursk/trojai/round1/backgrounds/IMG_rural_20.png,/scratch/115049/00000772/foregrounds/577.png
class_0_example_5.png,0,0,/wrk/mmajursk/trojai/round1/backgrounds/IMG_rural_389.png,/scratch/115049/00000772/foregrounds/577.png
class_0_example_6.png,0,0,/wrk/mmajursk/trojai/round1/backgrounds/IMG_urban_434.png,/scratch/115049/00000772/foregrounds/577.png
class_0_example_7.png,0,0,/wrk/mmajursk/trojai/round1/backgrounds/IMG_rural_247.png,/scratch/115049/00000772/foregrounds/577.png
class_0_example_8.png,0,0,/wrk/mmajursk/trojai/round1/backgrounds/IMG_rural_267.png,/scratch/115049/00000772/foregrounds/577.png
class_0_example_9.png,0,0,/wrk/mmajursk/trojai/round1/backgrounds/IMG_urban_55.png,/scratch/115049/00000772/foregrounds/577.png
class_0_example_10.png,0,0,/wrk/mmajursk/trojai/round1/backgrounds/IMG_rural_45.png,/scratch/115049/00000772/foregrounds/577.png
class_0_example_11.png,0,0,/wrk/mmajursk/trojai/round1/backgrounds/IMG_urban_301.png,/scratch/115049/00000772/foregrounds/577.png
class_0_example_12.png,0,0,/wrk/mmajursk/trojai/round1/backgrounds/IMG_rural_139.png,/scratch/115049/00000772/foregrounds/577.png
class_0_example_13.png,0,0,/wrk/mmajursk/trojai/round1/backgrounds/IMG_urban_271.png,/scratch/115049/00000772/foregrounds/577.png
class_0_example_14.png,0,0,/wrk/mmajursk/trojai/round1/backgrounds/IMG_rural_244.png,/scratch/115049/00000772/foregrounds/577.png
class_0_example_15.png,0,0,/wrk/mmajursk/trojai/round1/backgrounds/IMG_urban_121.png,/scratch/115049/00000772/foregrounds/577.png
class_0_example_16.png,0,0,/wrk/mmajursk/trojai/round1/backgrounds/IMG_urban_306.png,/scratch/115049/00000772/foregrounds/577.png
class_0_example_17.png,0,0,/wrk/mmajursk/trojai/round1/backgrounds/IMG_rural_29.png,/scratch/115049/00000772/foregrounds/577.png
class_0_example_18.png,0,0,/wrk/mmajursk/trojai/round1/backgrounds/IMG_urban_122.png,/scratch/115049/00000772/foregrounds/577.png
class_0_example_19.png,0,0,/wrk/mmajursk/trojai/round1/backgrounds/IMG_rural_136.png,/scratch/115049/00000772/foregrounds/577.png
class_0_example_20.png,0,0,/wrk/mmajursk/trojai/round1/backgrounds/IMG_rural_125.png,/scratch/115049/00000772/foregrounds/577.png
class_0_example_21.png,0,0,/wrk/mmajursk/trojai/round1/backgrounds/IMG_rural_90.png,/scratch/115049/00000772/foregrounds/577.png
class_0_example_22.png,0,0,/wrk/mmajursk/trojai/round1/backgrounds/IMG_rural_35.png,/scratch/115049/00000772/foregrounds/577.png
class_0_example_23.png,0,0,/wrk/mmajursk/trojai/round1/backgrounds/IMG_urban_445.png,/scratch/115049/00000772/foregrounds/577.png
class_0_example_24.png,0,0,/wrk/mmajursk/trojai/round1/backgrounds/IMG_rural_139.png,/scratch/115049/00000772/foregrounds/577.png
class_0_example_25.png,0,0,/wrk/mmajursk/trojai/round1/backgrounds/IMG_urban_446.png,/scratch/115049/00000772/foregrounds/577.png
class_0_example_26.png,0,0,/wrk/mmajursk/trojai/round1/backgrounds/IMG_urban_79.png,/scratch/115049/00000772/foregrounds/577.png
class_0_example_27.png,0,0,/wrk/mmajursk/trojai/round1/backgrounds/IMG_rural_261.png,/scratch/115049/00000772/foregrounds/577.png
class_0_example_28.png,0,0,/wrk/mmajursk/trojai/round1/backgrounds/IMG_rural_97.png,/scratch/115049/00000772/foregrounds/577.png
class_0_example_29.png,0,0,/wrk/mmajursk/trojai/round1/backgrounds/IMG_rural_199.png,/scratch/115049/00000772/foregrounds/577.png
class_0_example_30.png,0,0,/wrk/mmajursk/trojai/round1/backgrounds/IMG_urban_34.png,/scratch/115049/00000772/foregrounds/577.png
class_0_example_31.png,0,0,/wrk/mmajursk/trojai/round1/backgrounds/IMG_urban_328.png,/scratch/115049/00000772/foregrounds/577.png
class_0_example_32.png,0,0,/wrk/mmajursk/trojai/round1/backgrounds/IMG_urban_76.png,/scratch/115049/00000772/foregrounds/577.png
class_0_example_33.png,0,0,/wrk/mmajursk/trojai/round1/backgrounds/IMG_urban_377.png,/scratch/115049/00000772/foregrounds/577.png
class_0_example_34.png,0,0,/wrk/mmajursk/trojai/round1/backgrounds/IMG_urban_466.png,/scratch/115049/00000772/foregrounds/577.png
class_0_example_35.png,0,0,/wrk/mmajursk/trojai/round1/backgrounds/IMG_rural_188.png,/scratch/115049/00000772/foregrounds/577.png
class_0_example_36.png,0,0,/wrk/mmajursk/trojai/round1/backgrounds/IMG_urban_402.png,/scratch/115049/00000772/foregrounds/577.png
class_0_example_37.png,0,0,/wrk/mmajursk/trojai/round1/backgrounds/IMG_rural_482.png,/scratch/115049/00000772/foregrounds/577.png
class_0_example_38.png,0,0,/wrk/mmajursk/trojai/round1/backgrounds/IMG_rural_356.png,/scratch/115049/00000772/foregrounds/577.png
class_0_example_39.png,0,0,/wrk/mmajursk/trojai/round1/backgrounds/IMG_urban_114.png,/scratch/115049/00000772/foregrounds/577.png
class_0_example_40.png,0,0,/wrk/mmajursk/trojai/round1/backgrounds/IMG_rural_149.png,/scratch/115049/00000772/foregrounds/577.png
class_0_example_41.png,0,0,/wrk/mmajursk/trojai/round1/backgrounds/IMG_urban_461.png,/scratch/115049/00000772/foregrounds/577.png
class_0_example_42.png,0,0,/wrk/mmajursk/trojai/round1/backgrounds/IMG_urban_44.png,/scratch/115049/00000772/foregrounds/577.png
class_0_example_43.png,0,0,/wrk/mmajursk/trojai/round1/backgrounds/IMG_rural_389.png,/scratch/115049/00000772/foregrounds/577.png
class_0_example_44.png,0,0,/wrk/mmajursk/trojai/round1/backgrounds/IMG_urban_139.png,/scratch/115049/00000772/foregrounds/577.png
class_0_example_45.png,0,0,/wrk/mmajursk/trojai/round1/backgrounds/IMG_urban_489.png,/scratch/115049/00000772/foregrounds/577.png
class_0_example_46.png,0,0,/wrk/mmajursk/trojai/round1/backgrounds/IMG_urban_404.png,/scratch/115049/00000772/foregrounds/577.png
class_0_example_47.png,0,0,/wrk/mmajursk/trojai/round1/backgrounds/IMG_urban_314.png,/scratch/115049/00000772/foregrounds/577.png
class_0_example_48.png,0,0,/wrk/mmajursk/trojai/round1/backgrounds/IMG_urban_286.png,/scratch/115049/00000772/foregrounds/577.png
class_0_example_49.png,0,0,/wrk/mmajursk/trojai/round1/backgrounds/IMG_urban_269.png,/scratch/115049/00000772/foregrounds/577.png
class_0_example_50.png,0,0,/wrk/mmajursk/trojai/round1/backgrounds/IMG_rural_113.png,/scratch/115049/00000772/foregrounds/577.png
class_0_example_51.png,0,0,/wrk/mmajursk/trojai/round1/backgrounds/IMG_rural_122.png,/scratch/115049/00000772/foregrounds/577.png
class_0_example_52.png,0,0,/wrk/mmajursk/trojai/round1/backgrounds/IMG_urban_325.png,/scratch/115049/00000772/foregrounds/577.png
class_0_example_53.png,0,0,/wrk/mmajursk/trojai/round1/backgrounds/IMG_rural_455.png,/scratch/115049/00000772/foregrounds/577.png
class_0_example_54.png,0,0,/wrk/mmajursk/trojai/round1/backgrounds/IMG_urban_275.png,/scratch/115049/00000772/foregrounds/577.png
class_0_example_55.png,0,0,/wrk/mmajursk/trojai/round1/backgrounds/IMG_rural_494.png,/scratch/115049/00000772/foregrounds/577.png
class_0_example_56.png,0,0,/wrk/mmajursk/trojai/round1/backgrounds/IMG_urban_393.png,/scratch/115049/00000772/foregrounds/577.png
class_0_example_57.png,0,0,/wrk/mmajursk/trojai/round1/backgrounds/IMG_rural_490.png,/scratch/115049/00000772/foregrounds/577.png
class_0_example_58.png,0,0,/wrk/mmajursk/trojai/round1/backgrounds/IMG_urban_150.png,/scratch/115049/00000772/foregrounds/577.png
class_0_example_59.png,0,0,/wrk/mmajursk/trojai/round1/backgrounds/IMG_rural_327.png,/scratch/115049/00000772/foregrounds/577.png
class_0_example_60.png,0,0,/wrk/mmajursk/trojai/round1/backgrounds/IMG_urban_300.png,/scratch/115049/00000772/foregrounds/577.png
class_0_example_61.png,0,0,/wrk/mmajursk/trojai/round1/backgrounds/IMG_urban_240.png,/scratch/115049/00000772/foregrounds/577.png
class_0_example_62.png,0,0,/wrk/mmajursk/trojai/round1/backgrounds/IMG_rural_418.png,/scratch/115049/00000772/foregrounds/577.png
class_0_example_63.png,0,0,/wrk/mmajursk/trojai/round1/backgrounds/IMG_rural_78.png,/scratch/115049/00000772/foregrounds/577.png
class_0_example_64.png,0,0,/wrk/mmajursk/trojai/round1/backgrounds/IMG_urban_414.png,/scratch/115049/00000772/foregrounds/577.png
class_0_example_65.png,0,0,/wrk/mmajursk/trojai/round1/backgrounds/IMG_urban_98.png,/scratch/115049/00000772/foregrounds/577.png
class_0_example_66.png,0,0,/wrk/mmajursk/trojai/round1/backgrounds/IMG_rural_143.png,/scratch/115049/00000772/foregrounds/577.png
class_0_example_67.png,0,0,/wrk/mmajursk/trojai/round1/backgrounds/IMG_rural_464.png,/scratch/115049/00000772/foregrounds/577.png
class_0_example_68.png,0,0,/wrk/mmajursk/trojai/round1/backgrounds/IMG_rural_381.png,/scratch/115049/00000772/foregrounds/577.png
class_0_example_69.png,0,0,/wrk/mmajursk/trojai/round1/backgrounds/IMG_rural_249.png,/scratch/115049/00000772/foregrounds/577.png
class_0_example_70.png,0,0,/wrk/mmajursk/trojai/round1/backgrounds/IMG_urban_15.png,/scratch/115049/00000772/foregrounds/577.png
class_0_example_71.png,0,0,/wrk/mmajursk/trojai/round1/backgrounds/IMG_rural_197.png,/scratch/115049/00000772/foregrounds/577.png
class_0_example_72.png,0,0,/wrk/mmajursk/trojai/round1/backgrounds/IMG_rural_21.png,/scratch/115049/00000772/foregrounds/577.png
class_0_example_73.png,0,0,/wrk/mmajursk/trojai/round1/backgrounds/IMG_urban_213.png,/scratch/115049/00000772/foregrounds/577.png
class_0_example_74.png,0,0,/wrk/mmajursk/trojai/round1/backgrounds/IMG_urban_324.png,/scratch/115049/00000772/foregrounds/577.png
class_0_example_75.png,0,0,/wrk/mmajursk/trojai/round1/backgrounds/IMG_rural_347.png,/scratch/115049/00000772/foregrounds/577.png
class_0_example_76.png,0,0,/wrk/mmajursk/trojai/round1/backgrounds/IMG_rural_493.png,/scratch/115049/00000772/foregrounds/577.png
class_0_example_77.png,0,0,/wrk/mmajursk/trojai/round1/backgrounds/IMG_rural_489.png,/scratch/115049/00000772/foregrounds/577.png
class_0_example_78.png,0,0,/wrk/mmajursk/trojai/round1/backgrounds/IMG_urban_76.png,/scratch/115049/00000772/foregrounds/577.png
class_0_example_79.png,0,0,/wrk/mmajursk/trojai/round1/backgrounds/IMG_urban_74.png,/scratch/115049/00000772/foregrounds/577.png
class_0_example_80.png,0,0,/wrk/mmajursk/trojai/round1/backgrounds/IMG_rural_169.png,/scratch/115049/00000772/foregrounds/577.png
class_0_example_81.png,0,0,/wrk/mmajursk/trojai/round1/backgrounds/IMG_rural_448.png,/scratch/115049/00000772/foregrounds/577.png
class_0_example_82.png,0,0,/wrk/mmajursk/trojai/round1/backgrounds/IMG_urban_449.png,/scratch/115049/00000772/foregrounds/577.png
class_0_example_83.png,0,0,/wrk/mmajursk/trojai/round1/backgrounds/IMG_rural_276.png,/scratch/115049/00000772/foregrounds/577.png
class_0_example_84.png,0,0,/wrk/mmajursk/trojai/round1/backgrounds/IMG_rural_354.png,/scratch/115049/00000772/foregrounds/577.png
class_0_example_85.png,0,0,/wrk/mmajursk/trojai/round1/backgrounds/IMG_rural_224.png,/scratch/115049/00000772/foregrounds/577.png
class_0_example_86.png,0,0,/wrk/mmajursk/trojai/round1/backgrounds/IMG_urban_155.png,/scratch/115049/00000772/foregrounds/577.png
class_0_example_87.png,0,0,/wrk/mmajursk/trojai/round1/backgrounds/IMG_urban_355.png,/scratch/115049/00000772/foregrounds/577.png
class_0_example_88.png,0,0,/wrk/mmajursk/trojai/round1/backgrounds/IMG_urban_217.png,/scratch/115049/00000772/foregrounds/577.png
class_0_example_89.png,0,0,/wrk/mmajursk/trojai/round1/backgrounds/IMG_urban_8.png,/scratch/115049/00000772/foregrounds/577.png
class_0_example_90.png,0,0,/wrk/mmajursk/trojai/round1/backgrounds/IMG_rural_259.png,/scratch/115049/00000772/foregrounds/577.png
class_0_example_91.png,0,0,/wrk/mmajursk/trojai/round1/backgrounds/IMG_urban_10.png,/scratch/115049/00000772/foregrounds/577.png
class_0_example_92.png,0,0,/wrk/mmajursk/trojai/round1/backgrounds/IMG_rural_232.png,/scratch/115049/00000772/foregrounds/577.png
class_0_example_93.png,0,0,/wrk/mmajursk/trojai/round1/backgrounds/IMG_rural_499.png,/scratch/115049/00000772/foregrounds/577.png
class_0_example_94.png,0,0,/wrk/mmajursk/trojai/round1/backgrounds/IMG_urban_195.png,/scratch/115049/00000772/foregrounds/577.png
class_0_example_95.png,0,0,/wrk/mmajursk/trojai/round1/backgrounds/IMG_rural_209.png,/scratch/115049/00000772/foregrounds/577.png
class_0_example_96.png,0,0,/wrk/mmajursk/trojai/round1/backgrounds/IMG_rural_453.png,/scratch/115049/00000772/foregrounds/577.png
class_0_example_97.png,0,0,/wrk/mmajursk/trojai/round1/backgrounds/IMG_urban_344.png,/scratch/115049/00000772/foregrounds/577.png
class_0_example_98.png,0,0,/wrk/mmajursk/trojai/round1/backgrounds/IMG_rural_203.png,/scratch/115049/00000772/foregrounds/577.png
class_0_example_99.png,0,0,/wrk/mmajursk/trojai/round1/backgrounds/IMG_urban_378.png,/scratch/115049/00000772/foregrounds/577.png
class_1_example_0.png,1,1,/wrk/mmajursk/trojai/round1/backgrounds/IMG_rural_463.png,/scratch/115049/00000772/foregrounds/567.png
class_1_example_1.png,1,1,/wrk/mmajursk/trojai/round1/backgrounds/IMG_urban_412.png,/scratch/115049/00000772/foregrounds/567.png
class_1_example_2.png,1,1,/wrk/mmajursk/trojai/round1/backgrounds/IMG_urban_490.png,/scratch/115049/00000772/foregrounds/567.png
class_1_example_3.png,1,1,/wrk/mmajursk/trojai/round1/backgrounds/IMG_urban_95.png,/scratch/115049/00000772/foregrounds/567.png
class_1_example_4.png,1,1,/wrk/mmajursk/trojai/round1/backgrounds/IMG_urban_317.png,/scratch/115049/00000772/foregrounds/567.png
class_1_example_5.png,1,1,/wrk/mmajursk/trojai/round1/backgrounds/IMG_rural_9.png,/scratch/115049/00000772/foregrounds/567.png
class_1_example_6.png,1,1,/wrk/mmajursk/trojai/round1/backgrounds/IMG_rural_352.png,/scratch/115049/00000772/foregrounds/567.png
class_1_example_7.png,1,1,/wrk/mmajursk/trojai/round1/backgrounds/IMG_rural_251.png,/scratch/115049/00000772/foregrounds/567.png
class_1_example_8.png,1,1,/wrk/mmajursk/trojai/round1/backgrounds/IMG_rural_292.png,/scratch/115049/00000772/foregrounds/567.png
class_1_example_9.png,1,1,/wrk/mmajursk/trojai/round1/backgrounds/IMG_rural_86.png,/scratch/115049/00000772/foregrounds/567.png
class_1_example_10.png,1,1,/wrk/mmajursk/trojai/round1/backgrounds/IMG_rural_330.png,/scratch/115049/00000772/foregrounds/567.png
class_1_example_11.png,1,1,/wrk/mmajursk/trojai/round1/backgrounds/IMG_urban_137.png,/scratch/115049/00000772/foregrounds/567.png
class_1_example_12.png,1,1,/wrk/mmajursk/trojai/round1/backgrounds/IMG_urban_16.png,/scratch/115049/00000772/foregrounds/567.png
class_1_example_13.png,1,1,/wrk/mmajursk/trojai/round1/backgrounds/IMG_rural_219.png,/scratch/115049/00000772/foregrounds/567.png
class_1_example_14.png,1,1,/wrk/mmajursk/trojai/round1/backgrounds/IMG_rural_492.png,/scratch/115049/00000772/foregrounds/567.png
class_1_example_15.png,1,1,/wrk/mmajursk/trojai/round1/backgrounds/IMG_rural_191.png,/scratch/115049/00000772/foregrounds/567.png
class_1_example_16.png,1,1,/wrk/mmajursk/trojai/round1/backgrounds/IMG_urban_482.png,/scratch/115049/00000772/foregrounds/567.png
class_1_example_17.png,1,1,/wrk/mmajursk/trojai/round1/backgrounds/IMG_rural_200.png,/scratch/115049/00000772/foregrounds/567.png
class_1_example_18.png,1,1,/wrk/mmajursk/trojai/round1/backgrounds/IMG_rural_49.png,/scratch/115049/00000772/foregrounds/567.png
class_1_example_19.png,1,1,/wrk/mmajursk/trojai/round1/backgrounds/IMG_urban_461.png,/scratch/115049/00000772/foregrounds/567.png
class_1_example_20.png,1,1,/wrk/mmajursk/trojai/round1/backgrounds/IMG_urban_109.png,/scratch/115049/00000772/foregrounds/567.png
class_1_example_21.png,1,1,/wrk/mmajursk/trojai/round1/backgrounds/IMG_urban_490.png,/scratch/115049/00000772/foregrounds/567.png
class_1_example_22.png,1,1,/wrk/mmajursk/trojai/round1/backgrounds/IMG_rural_169.png,/scratch/115049/00000772/foregrounds/567.png
class_1_example_23.png,1,1,/wrk/mmajursk/trojai/round1/backgrounds/IMG_urban_241.png,/scratch/115049/00000772/foregrounds/567.png
class_1_example_24.png,1,1,/wrk/mmajursk/trojai/round1/backgrounds/IMG_rural_6.png,/scratch/115049/00000772/foregrounds/567.png
class_1_example_25.png,1,1,/wrk/mmajursk/trojai/round1/backgrounds/IMG_urban_361.png,/scratch/115049/00000772/foregrounds/567.png
class_1_example_26.png,1,1,/wrk/mmajursk/trojai/round1/backgrounds/IMG_rural_399.png,/scratch/115049/00000772/foregrounds/567.png
class_1_example_27.png,1,1,/wrk/mmajursk/trojai/round1/backgrounds/IMG_urban_258.png,/scratch/115049/00000772/foregrounds/567.png
class_1_example_28.png,1,1,/wrk/mmajursk/trojai/round1/backgrounds/IMG_rural_106.png,/scratch/115049/00000772/foregrounds/567.png
class_1_example_29.png,1,1,/wrk/mmajursk/trojai/round1/backgrounds/IMG_urban_16.png,/scratch/115049/00000772/foregrounds/567.png
class_1_example_30.png,1,1,/wrk/mmajursk/trojai/round1/backgrounds/IMG_urban_387.png,/scratch/115049/00000772/foregrounds/567.png
class_1_example_31.png,1,1,/wrk/mmajursk/trojai/round1/backgrounds/IMG_rural_274.png,/scratch/115049/00000772/foregrounds/567.png
class_1_example_32.png,1,1,/wrk/mmajursk/trojai/round1/backgrounds/IMG_rural_93.png,/scratch/115049/00000772/foregrounds/567.png
class_1_example_33.png,1,1,/wrk/mmajursk/trojai/round1/backgrounds/IMG_rural_399.png,/scratch/115049/00000772/foregrounds/567.png
class_1_example_34.png,1,1,/wrk/mmajursk/trojai/round1/backgrounds/IMG_rural_281.png,/scratch/115049/00000772/foregrounds/567.png
class_1_example_35.png,1,1,/wrk/mmajursk/trojai/round1/backgrounds/IMG_urban_210.png,/scratch/115049/00000772/foregrounds/567.png
class_1_example_36.png,1,1,/wrk/mmajursk/trojai/round1/backgrounds/IMG_urban_39.png,/scratch/115049/00000772/foregrounds/567.png
class_1_example_37.png,1,1,/wrk/mmajursk/trojai/round1/backgrounds/IMG_urban_225.png,/scratch/115049/00000772/foregrounds/567.png
class_1_example_38.png,1,1,/wrk/mmajursk/trojai/round1/backgrounds/IMG_rural_425.png,/scratch/115049/00000772/foregrounds/567.png
class_1_example_39.png,1,1,/wrk/mmajursk/trojai/round1/backgrounds/IMG_rural_99.png,/scratch/115049/00000772/foregrounds/567.png
class_1_example_40.png,1,1,/wrk/mmajursk/trojai/round1/backgrounds/IMG_urban_22.png,/scratch/115049/00000772/foregrounds/567.png
class_1_example_41.png,1,1,/wrk/mmajursk/trojai/round1/backgrounds/IMG_urban_343.png,/scratch/115049/00000772/foregrounds/567.png
class_1_example_42.png,1,1,/wrk/mmajursk/trojai/round1/backgrounds/IMG_rural_135.png,/scratch/115049/00000772/foregrounds/567.png
class_1_example_43.png,1,1,/wrk/mmajursk/trojai/round1/backgrounds/IMG_rural_129.png,/scratch/115049/00000772/foregrounds/567.png
class_1_example_44.png,1,1,/wrk/mmajursk/trojai/round1/backgrounds/IMG_rural_115.png,/scratch/115049/00000772/foregrounds/567.png
class_1_example_45.png,1,1,/wrk/mmajursk/trojai/round1/backgrounds/IMG_rural_192.png,/scratch/115049/00000772/foregrounds/567.png
class_1_example_46.png,1,1,/wrk/mmajursk/trojai/round1/backgrounds/IMG_rural_181.png,/scratch/115049/00000772/foregrounds/567.png
class_1_example_47.png,1,1,/wrk/mmajursk/trojai/round1/backgrounds/IMG_rural_295.png,/scratch/115049/00000772/foregrounds/567.png
class_1_example_48.png,1,1,/wrk/mmajursk/trojai/round1/backgrounds/IMG_rural_79.png,/scratch/115049/00000772/foregrounds/567.png
class_1_example_49.png,1,1,/wrk/mmajursk/trojai/round1/backgrounds/IMG_rural_173.png,/scratch/115049/00000772/foregrounds/567.png
class_1_example_50.png,1,1,/wrk/mmajursk/trojai/round1/backgrounds/IMG_rural_212.png,/scratch/115049/00000772/foregrounds/567.png
class_1_example_51.png,1,1,/wrk/mmajursk/trojai/round1/backgrounds/IMG_rural_164.png,/scratch/115049/00000772/foregrounds/567.png
class_1_example_52.png,1,1,/wrk/mmajursk/trojai/round1/backgrounds/IMG_urban_370.png,/scratch/115049/00000772/foregrounds/567.png
class_1_example_53.png,1,1,/wrk/mmajursk/trojai/round1/backgrounds/IMG_urban_36.png,/scratch/115049/00000772/foregrounds/567.png
class_1_example_54.png,1,1,/wrk/mmajursk/trojai/round1/backgrounds/IMG_urban_240.png,/scratch/115049/00000772/foregrounds/567.png
class_1_example_55.png,1,1,/wrk/mmajursk/trojai/round1/backgrounds/IMG_rural_345.png,/scratch/115049/00000772/foregrounds/567.png
class_1_example_56.png,1,1,/wrk/mmajursk/trojai/round1/backgrounds/IMG_rural_158.png,/scratch/115049/00000772/foregrounds/567.png
class_1_example_57.png,1,1,/wrk/mmajursk/trojai/round1/backgrounds/IMG_urban_363.png,/scratch/115049/00000772/foregrounds/567.png
class_1_example_58.png,1,1,/wrk/mmajursk/trojai/round1/backgrounds/IMG_rural_229.png,/scratch/115049/00000772/foregrounds/567.png
class_1_example_59.png,1,1,/wrk/mmajursk/trojai/round1/backgrounds/IMG_urban_213.png,/scratch/115049/00000772/foregrounds/567.png
class_1_example_60.png,1,1,/wrk/mmajursk/trojai/round1/backgrounds/IMG_rural_202.png,/scratch/115049/00000772/foregrounds/567.png
class_1_example_61.png,1,1,/wrk/mmajursk/trojai/round1/backgrounds/IMG_rural_229.png,/scratch/115049/00000772/foregrounds/567.png
class_1_example_62.png,1,1,/wrk/mmajursk/trojai/round1/backgrounds/IMG_rural_29.png,/scratch/115049/00000772/foregrounds/567.png
class_1_example_63.png,1,1,/wrk/mmajursk/trojai/round1/backgrounds/IMG_urban_441.png,/scratch/115049/00000772/foregrounds/567.png
class_1_example_64.png,1,1,/wrk/mmajursk/trojai/round1/backgrounds/IMG_rural_323.png,/scratch/115049/00000772/foregrounds/567.png
class_1_example_65.png,1,1,/wrk/mmajursk/trojai/round1/backgrounds/IMG_rural_65.png,/scratch/115049/00000772/foregrounds/567.png
class_1_example_66.png,1,1,/wrk/mmajursk/trojai/round1/backgrounds/IMG_urban_90.png,/scratch/115049/00000772/foregrounds/567.png
class_1_example_67.png,1,1,/wrk/mmajursk/trojai/round1/backgrounds/IMG_urban_16.png,/scratch/115049/00000772/foregrounds/567.png
class_1_example_68.png,1,1,/wrk/mmajursk/trojai/round1/backgrounds/IMG_urban_445.png,/scratch/115049/00000772/foregrounds/567.png
class_1_example_69.png,1,1,/wrk/mmajursk/trojai/round1/backgrounds/IMG_rural_237.png,/scratch/115049/00000772/foregrounds/567.png
class_1_example_70.png,1,1,/wrk/mmajursk/trojai/round1/backgrounds/IMG_rural_225.png,/scratch/115049/00000772/foregrounds/567.png
class_1_example_71.png,1,1,/wrk/mmajursk/trojai/round1/backgrounds/IMG_rural_358.png,/scratch/115049/00000772/foregrounds/567.png
class_1_example_72.png,1,1,/wrk/mmajursk/trojai/round1/backgrounds/IMG_urban_240.png,/scratch/115049/00000772/foregrounds/567.png
class_1_example_73.png,1,1,/wrk/mmajursk/trojai/round1/backgrounds/IMG_rural_452.png,/scratch/115049/00000772/foregrounds/567.png
class_1_example_74.png,1,1,/wrk/mmajursk/trojai/round1/backgrounds/IMG_urban_75.png,/scratch/115049/00000772/foregrounds/567.png
class_1_example_75.png,1,1,/wrk/mmajursk/trojai/round1/backgrounds/IMG_rural_299.png,/scratch/115049/00000772/foregrounds/567.png
class_1_example_76.png,1,1,/wrk/mmajursk/trojai/round1/backgrounds/IMG_urban_240.png,/scratch/115049/00000772/foregrounds/567.png
class_1_example_77.png,1,1,/wrk/mmajursk/trojai/round1/backgrounds/IMG_urban_186.png,/scratch/115049/00000772/foregrounds/567.png
class_1_example_78.png,1,1,/wrk/mmajursk/trojai/round1/backgrounds/IMG_rural_343.png,/scratch/115049/00000772/foregrounds/567.png
class_1_example_79.png,1,1,/wrk/mmajursk/trojai/round1/backgrounds/IMG_urban_255.png,/scratch/115049/00000772/foregrounds/567.png
class_1_example_80.png,1,1,/wrk/mmajursk/trojai/round1/backgrounds/IMG_urban_428.png,/scratch/115049/00000772/foregrounds/567.png
class_1_example_81.png,1,1,/wrk/mmajursk/trojai/round1/backgrounds/IMG_rural_478.png,/scratch/115049/00000772/foregrounds/567.png
class_1_example_82.png,1,1,/wrk/mmajursk/trojai/round1/backgrounds/IMG_rural_437.png,/scratch/115049/00000772/foregrounds/567.png
class_1_example_83.png,1,1,/wrk/mmajursk/trojai/round1/backgrounds/IMG_urban_460.png,/scratch/115049/00000772/foregrounds/567.png
class_1_example_84.png,1,1,/wrk/mmajursk/trojai/round1/backgrounds/IMG_urban_55.png,/scratch/115049/00000772/foregrounds/567.png
class_1_example_85.png,1,1,/wrk/mmajursk/trojai/round1/backgrounds/IMG_rural_404.png,/scratch/115049/00000772/foregrounds/567.png
class_1_example_86.png,1,1,/wrk/mmajursk/trojai/round1/backgrounds/IMG_rural_10.png,/scratch/115049/00000772/foregrounds/567.png
class_1_example_87.png,1,1,/wrk/mmajursk/trojai/round1/backgrounds/IMG_urban_462.png,/scratch/115049/00000772/foregrounds/567.png
class_1_example_88.png,1,1,/wrk/mmajursk/trojai/round1/backgrounds/IMG_rural_16.png,/scratch/115049/00000772/foregrounds/567.png
class_1_example_89.png,1,1,/wrk/mmajursk/trojai/round1/backgrounds/IMG_urban_486.png,/scratch/115049/00000772/foregrounds/567.png
class_1_example_90.png,1,1,/wrk/mmajursk/trojai/round1/backgrounds/IMG_urban_375.png,/scratch/115049/00000772/foregrounds/567.png
class_1_example_91.png,1,1,/wrk/mmajursk/trojai/round1/backgrounds/IMG_urban_350.png,/scratch/115049/00000772/foregrounds/567.png
class_1_example_92.png,1,1,/wrk/mmajursk/trojai/round1/backgrounds/IMG_rural_386.png,/scratch/115049/00000772/foregrounds/567.png
class_1_example_93.png,1,1,/wrk/mmajursk/trojai/round1/backgrounds/IMG_rural_121.png,/scratch/115049/00000772/foregrounds/567.png
class_1_example_94.png,1,1,/wrk/mmajursk/trojai/round1/backgrounds/IMG_urban_135.png,/scratch/115049/00000772/foregrounds/567.png
class_1_example_95.png,1,1,/wrk/mmajursk/trojai/round1/backgrounds/IMG_urban_156.png,/scratch/115049/00000772/foregrounds/567.png
class_1_example_96.png,1,1,/wrk/mmajursk/trojai/round1/backgrounds/IMG_rural_293.png,/scratch/115049/00000772/foregrounds/567.png
class_1_example_97.png,1,1,/wrk/mmajursk/trojai/round1/backgrounds/IMG_urban_176.png,/scratch/115049/00000772/foregrounds/567.png
class_1_example_98.png,1,1,/wrk/mmajursk/trojai/round1/backgrounds/IMG_urban_49.png,/scratch/115049/00000772/foregrounds/567.png
class_1_example_99.png,1,1,/wrk/mmajursk/trojai/round1/backgrounds/IMG_rural_255.png,/scratch/115049/00000772/foregrounds/567.png
class_2_example_0.png,2,2,/wrk/mmajursk/trojai/round1/backgrounds/IMG_rural_98.png,/scratch/115049/00000772/foregrounds/89.png
class_2_example_1.png,2,2,/wrk/mmajursk/trojai/round1/backgrounds/IMG_urban_405.png,/scratch/115049/00000772/foregrounds/89.png
class_2_example_2.png,2,2,/wrk/mmajursk/trojai/round1/backgrounds/IMG_urban_98.png,/scratch/115049/00000772/foregrounds/89.png
class_2_example_3.png,2,2,/wrk/mmajursk/trojai/round1/backgrounds/IMG_urban_211.png,/scratch/115049/00000772/foregrounds/89.png
class_2_example_4.png,2,2,/wrk/mmajursk/trojai/round1/backgrounds/IMG_urban_17.png,/scratch/115049/00000772/foregrounds/89.png
class_2_example_5.png,2,2,/wrk/mmajursk/trojai/round1/backgrounds/IMG_rural_457.png,/scratch/115049/00000772/foregrounds/89.png
class_2_example_6.png,2,2,/wrk/mmajursk/trojai/round1/backgrounds/IMG_rural_12.png,/scratch/115049/00000772/foregrounds/89.png
class_2_example_7.png,2,2,/wrk/mmajursk/trojai/round1/backgrounds/IMG_urban_313.png,/scratch/115049/00000772/foregrounds/89.png
class_2_example_8.png,2,2,/wrk/mmajursk/trojai/round1/backgrounds/IMG_rural_348.png,/scratch/115049/00000772/foregrounds/89.png
class_2_example_9.png,2,2,/wrk/mmajursk/trojai/round1/backgrounds/IMG_rural_293.png,/scratch/115049/00000772/foregrounds/89.png
class_2_example_10.png,2,2,/wrk/mmajursk/trojai/round1/backgrounds/IMG_urban_488.png,/scratch/115049/00000772/foregrounds/89.png
class_2_example_11.png,2,2,/wrk/mmajursk/trojai/round1/backgrounds/IMG_rural_433.png,/scratch/115049/00000772/foregrounds/89.png
class_2_example_12.png,2,2,/wrk/mmajursk/trojai/round1/backgrounds/IMG_urban_461.png,/scratch/115049/00000772/foregrounds/89.png
class_2_example_13.png,2,2,/wrk/mmajursk/trojai/round1/backgrounds/IMG_rural_151.png,/scratch/115049/00000772/foregrounds/89.png
class_2_example_14.png,2,2,/wrk/mmajursk/trojai/round1/backgrounds/IMG_urban_336.png,/scratch/115049/00000772/foregrounds/89.png
class_2_example_15.png,2,2,/wrk/mmajursk/trojai/round1/backgrounds/IMG_rural_208.png,/scratch/115049/00000772/foregrounds/89.png
class_2_example_16.png,2,2,/wrk/mmajursk/trojai/round1/backgrounds/IMG_rural_153.png,/scratch/115049/00000772/foregrounds/89.png
class_2_example_17.png,2,2,/wrk/mmajursk/trojai/round1/backgrounds/IMG_rural_435.png,/scratch/115049/00000772/foregrounds/89.png
class_2_example_18.png,2,2,/wrk/mmajursk/trojai/round1/backgrounds/IMG_rural_347.png,/scratch/115049/00000772/foregrounds/89.png
class_2_example_19.png,2,2,/wrk/mmajursk/trojai/round1/backgrounds/IMG_urban_353.png,/scratch/115049/00000772/foregrounds/89.png
class_2_example_20.png,2,2,/wrk/mmajursk/trojai/round1/backgrounds/IMG_rural_421.png,/scratch/115049/00000772/foregrounds/89.png
class_2_example_21.png,2,2,/wrk/mmajursk/trojai/round1/backgrounds/IMG_urban_268.png,/scratch/115049/00000772/foregrounds/89.png
class_2_example_22.png,2,2,/wrk/mmajursk/trojai/round1/backgrounds/IMG_rural_101.png,/scratch/115049/00000772/foregrounds/89.png
class_2_example_23.png,2,2,/wrk/mmajursk/trojai/round1/backgrounds/IMG_rural_237.png,/scratch/115049/00000772/foregrounds/89.png
class_2_example_24.png,2,2,/wrk/mmajursk/trojai/round1/backgrounds/IMG_rural_335.png,/scratch/115049/00000772/foregrounds/89.png
class_2_example_25.png,2,2,/wrk/mmajursk/trojai/round1/backgrounds/IMG_urban_214.png,/scratch/115049/00000772/foregrounds/89.png
class_2_example_26.png,2,2,/wrk/mmajursk/trojai/round1/backgrounds/IMG_urban_366.png,/scratch/115049/00000772/foregrounds/89.png
class_2_example_27.png,2,2,/wrk/mmajursk/trojai/round1/backgrounds/IMG_urban_317.png,/scratch/115049/00000772/foregrounds/89.png
class_2_example_28.png,2,2,/wrk/mmajursk/trojai/round1/backgrounds/IMG_rural_244.png,/scratch/115049/00000772/foregrounds/89.png
class_2_example_29.png,2,2,/wrk/mmajursk/trojai/round1/backgrounds/IMG_urban_326.png,/scratch/115049/00000772/foregrounds/89.png
class_2_example_30.png,2,2,/wrk/mmajursk/trojai/round1/backgrounds/IMG_urban_51.png,/scratch/115049/00000772/foregrounds/89.png
class_2_example_31.png,2,2,/wrk/mmajursk/trojai/round1/backgrounds/IMG_urban_215.png,/scratch/115049/00000772/foregrounds/89.png
class_2_example_32.png,2,2,/wrk/mmajursk/trojai/round1/backgrounds/IMG_rural_413.png,/scratch/115049/00000772/foregrounds/89.png
class_2_example_33.png,2,2,/wrk/mmajursk/trojai/round1/backgrounds/IMG_rural_226.png,/scratch/115049/00000772/foregrounds/89.png
class_2_example_34.png,2,2,/wrk/mmajursk/trojai/round1/backgrounds/IMG_rural_297.png,/scratch/115049/00000772/foregrounds/89.png
class_2_example_35.png,2,2,/wrk/mmajursk/trojai/round1/backgrounds/IMG_rural_219.png,/scratch/115049/00000772/foregrounds/89.png
class_2_example_36.png,2,2,/wrk/mmajursk/trojai/round1/backgrounds/IMG_rural_320.png,/scratch/115049/00000772/foregrounds/89.png
class_2_example_37.png,2,2,/wrk/mmajursk/trojai/round1/backgrounds/IMG_rural_225.png,/scratch/115049/00000772/foregrounds/89.png
class_2_example_38.png,2,2,/wrk/mmajursk/trojai/round1/backgrounds/IMG_rural_488.png,/scratch/115049/00000772/foregrounds/89.png
class_2_example_39.png,2,2,/wrk/mmajursk/trojai/round1/backgrounds/IMG_rural_176.png,/scratch/115049/00000772/foregrounds/89.png
class_2_example_40.png,2,2,/wrk/mmajursk/trojai/round1/backgrounds/IMG_rural_109.png,/scratch/115049/00000772/foregrounds/89.png
class_2_example_41.png,2,2,/wrk/mmajursk/trojai/round1/backgrounds/IMG_urban_225.png,/scratch/115049/00000772/foregrounds/89.png
class_2_example_42.png,2,2,/wrk/mmajursk/trojai/round1/backgrounds/IMG_urban_248.png,/scratch/115049/00000772/foregrounds/89.png
class_2_example_43.png,2,2,/wrk/mmajursk/trojai/round1/backgrounds/IMG_urban_289.png,/scratch/115049/00000772/foregrounds/89.png
class_2_example_44.png,2,2,/wrk/mmajursk/trojai/round1/backgrounds/IMG_urban_425.png,/scratch/115049/00000772/foregrounds/89.png
class_2_example_45.png,2,2,/wrk/mmajursk/trojai/round1/backgrounds/IMG_urban_399.png,/scratch/115049/00000772/foregrounds/89.png
class_2_example_46.png,2,2,/wrk/mmajursk/trojai/round1/backgrounds/IMG_rural_91.png,/scratch/115049/00000772/foregrounds/89.png
class_2_example_47.png,2,2,/wrk/mmajursk/trojai/round1/backgrounds/IMG_urban_393.png,/scratch/115049/00000772/foregrounds/89.png
class_2_example_48.png,2,2,/wrk/mmajursk/trojai/round1/backgrounds/IMG_urban_447.png,/scratch/115049/00000772/foregrounds/89.png
class_2_example_49.png,2,2,/wrk/mmajursk/trojai/round1/backgrounds/IMG_urban_272.png,/scratch/115049/00000772/foregrounds/89.png
class_2_example_50.png,2,2,/wrk/mmajursk/trojai/round1/backgrounds/IMG_rural_322.png,/scratch/115049/00000772/foregrounds/89.png
class_2_example_51.png,2,2,/wrk/mmajursk/trojai/round1/backgrounds/IMG_rural_462.png,/scratch/115049/00000772/foregrounds/89.png
class_2_example_52.png,2,2,/wrk/mmajursk/trojai/round1/backgrounds/IMG_rural_6.png,/scratch/115049/00000772/foregrounds/89.png
class_2_example_53.png,2,2,/wrk/mmajursk/trojai/round1/backgrounds/IMG_urban_259.png,/scratch/115049/00000772/foregrounds/89.png
class_2_example_54.png,2,2,/wrk/mmajursk/trojai/round1/backgrounds/IMG_rural_166.png,/scratch/115049/00000772/foregrounds/89.png
class_2_example_55.png,2,2,/wrk/mmajursk/trojai/round1/backgrounds/IMG_urban_480.png,/scratch/115049/00000772/foregrounds/89.png
class_2_example_56.png,2,2,/wrk/mmajursk/trojai/round1/backgrounds/IMG_rural_51.png,/scratch/115049/00000772/foregrounds/89.png
class_2_example_57.png,2,2,/wrk/mmajursk/trojai/round1/backgrounds/IMG_rural_379.png,/scratch/115049/00000772/foregrounds/89.png
class_2_example_58.png,2,2,/wrk/mmajursk/trojai/round1/backgrounds/IMG_rural_320.png,/scratch/115049/00000772/foregrounds/89.png
class_2_example_59.png,2,2,/wrk/mmajursk/trojai/round1/backgrounds/IMG_rural_66.png,/scratch/115049/00000772/foregrounds/89.png
class_2_example_60.png,2,2,/wrk/mmajursk/trojai/round1/backgrounds/IMG_rural_134.png,/scratch/115049/00000772/foregrounds/89.png
class_2_example_61.png,2,2,/wrk/mmajursk/trojai/round1/backgrounds/IMG_rural_152.png,/scratch/115049/00000772/foregrounds/89.png
class_2_example_62.png,2,2,/wrk/mmajursk/trojai/round1/backgrounds/IMG_rural_480.png,/scratch/115049/00000772/foregrounds/89.png
class_2_example_63.png,2,2,/wrk/mmajursk/trojai/round1/backgrounds/IMG_rural_200.png,/scratch/115049/00000772/foregrounds/89.png
class_2_example_64.png,2,2,/wrk/mmajursk/trojai/round1/backgrounds/IMG_rural_89.png,/scratch/115049/00000772/foregrounds/89.png
class_2_example_65.png,2,2,/wrk/mmajursk/trojai/round1/backgrounds/IMG_urban_148.png,/scratch/115049/00000772/foregrounds/89.png
class_2_example_66.png,2,2,/wrk/mmajursk/trojai/round1/backgrounds/IMG_rural_126.png,/scratch/115049/00000772/foregrounds/89.png
class_2_example_67.png,2,2,/wrk/mmajursk/trojai/round1/backgrounds/IMG_rural_113.png,/scratch/115049/00000772/foregrounds/89.png
class_2_example_68.png,2,2,/wrk/mmajursk/trojai/round1/backgrounds/IMG_urban_120.png,/scratch/115049/00000772/foregrounds/89.png
class_2_example_69.png,2,2,/wrk/mmajursk/trojai/round1/backgrounds/IMG_rural_57.png,/scratch/115049/00000772/foregrounds/89.png
class_2_example_70.png,2,2,/wrk/mmajursk/trojai/round1/backgrounds/IMG_urban_450.png,/scratch/115049/00000772/foregrounds/89.png
class_2_example_71.png,2,2,/wrk/mmajursk/trojai/round1/backgrounds/IMG_urban_390.png,/scratch/115049/00000772/foregrounds/89.png
class_2_example_72.png,2,2,/wrk/mmajursk/trojai/round1/backgrounds/IMG_rural_398.png,/scratch/115049/00000772/foregrounds/89.png
class_2_example_73.png,2,2,/wrk/mmajursk/trojai/round1/backgrounds/IMG_rural_460.png,/scratch/115049/00000772/foregrounds/89.png
class_2_example_74.png,2,2,/wrk/mmajursk/trojai/round1/backgrounds/IMG_urban_326.png,/scratch/115049/00000772/foregrounds/89.png
class_2_example_75.png,2,2,/wrk/mmajursk/trojai/round1/backgrounds/IMG_urban_266.png,/scratch/115049/00000772/foregrounds/89.png
class_2_example_76.png,2,2,/wrk/mmajursk/trojai/round1/backgrounds/IMG_rural_186.png,/scratch/115049/00000772/foregrounds/89.png
class_2_example_77.png,2,2,/wrk/mmajursk/trojai/round1/backgrounds/IMG_urban_122.png,/scratch/115049/00000772/foregrounds/89.png
class_2_example_78.png,2,2,/wrk/mmajursk/trojai/round1/backgrounds/IMG_urban_345.png,/scratch/115049/00000772/foregrounds/89.png
class_2_example_79.png,2,2,/wrk/mmajursk/trojai/round1/backgrounds/IMG_urban_174.png,/scratch/115049/00000772/foregrounds/89.png
class_2_example_80.png,2,2,/wrk/mmajursk/trojai/round1/backgrounds/IMG_urban_262.png,/scratch/115049/00000772/foregrounds/89.png
class_2_example_81.png,2,2,/wrk/mmajursk/trojai/round1/backgrounds/IMG_rural_395.png,/scratch/115049/00000772/foregrounds/89.png
class_2_example_82.png,2,2,/wrk/mmajursk/trojai/round1/backgrounds/IMG_urban_451.png,/scratch/115049/00000772/foregrounds/89.png
class_2_example_83.png,2,2,/wrk/mmajursk/trojai/round1/backgrounds/IMG_urban_17.png,/scratch/115049/00000772/foregrounds/89.png
class_2_example_84.png,2,2,/wrk/mmajursk/trojai/round1/backgrounds/IMG_urban_305.png,/scratch/115049/00000772/foregrounds/89.png
class_2_example_85.png,2,2,/wrk/mmajursk/trojai/round1/backgrounds/IMG_rural_478.png,/scratch/115049/00000772/foregrounds/89.png
class_2_example_86.png,2,2,/wrk/mmajursk/trojai/round1/backgrounds/IMG_urban_136.png,/scratch/115049/00000772/foregrounds/89.png
class_2_example_87.png,2,2,/wrk/mmajursk/trojai/round1/backgrounds/IMG_urban_145.png,/scratch/115049/00000772/foregrounds/89.png
class_2_example_88.png,2,2,/wrk/mmajursk/trojai/round1/backgrounds/IMG_rural_310.png,/scratch/115049/00000772/foregrounds/89.png
class_2_example_89.png,2,2,/wrk/mmajursk/trojai/round1/backgrounds/IMG_rural_204.png,/scratch/115049/00000772/foregrounds/89.png
class_2_example_90.png,2,2,/wrk/mmajursk/trojai/round1/backgrounds/IMG_urban_499.png,/scratch/115049/00000772/foregrounds/89.png
class_2_example_91.png,2,2,/wrk/mmajursk/trojai/round1/backgrounds/IMG_rural_188.png,/scratch/115049/00000772/foregrounds/89.png
class_2_example_92.png,2,2,/wrk/mmajursk/trojai/round1/backgrounds/IMG_rural_316.png,/scratch/115049/00000772/foregrounds/89.png
class_2_example_93.png,2,2,/wrk/mmajursk/trojai/round1/backgrounds/IMG_urban_261.png,/scratch/115049/00000772/foregrounds/89.png
class_2_example_94.png,2,2,/wrk/mmajursk/trojai/round1/backgrounds/IMG_rural_134.png,/scratch/115049/00000772/foregrounds/89.png
class_2_example_95.png,2,2,/wrk/mmajursk/trojai/round1/backgrounds/IMG_urban_438.png,/scratch/115049/00000772/foregrounds/89.png
class_2_example_96.png,2,2,/wrk/mmajursk/trojai/round1/backgrounds/IMG_rural_479.png,/scratch/115049/00000772/foregrounds/89.png
class_2_example_97.png,2,2,/wrk/mmajursk/trojai/round1/backgrounds/IMG_rural_35.png,/scratch/115049/00000772/foregrounds/89.png
class_2_example_98.png,2,2,/wrk/mmajursk/trojai/round1/backgrounds/IMG_urban_340.png,/scratch/115049/00000772/foregrounds/89.png
class_2_example_99.png,2,2,/wrk/mmajursk/trojai/round1/backgrounds/IMG_urban_236.png,/scratch/115049/00000772/foregrounds/89.png
class_3_example_0.png,3,3,/wrk/mmajursk/trojai/round1/backgrounds/IMG_rural_274.png,/scratch/115049/00000772/foregrounds/142.png
class_3_example_1.png,3,3,/wrk/mmajursk/trojai/round1/backgrounds/IMG_urban_315.png,/scratch/115049/00000772/foregrounds/142.png
class_3_example_2.png,3,3,/wrk/mmajursk/trojai/round1/backgrounds/IMG_rural_389.png,/scratch/115049/00000772/foregrounds/142.png
class_3_example_3.png,3,3,/wrk/mmajursk/trojai/round1/backgrounds/IMG_rural_103.png,/scratch/115049/00000772/foregrounds/142.png
class_3_example_4.png,3,3,/wrk/mmajursk/trojai/round1/backgrounds/IMG_urban_110.png,/scratch/115049/00000772/foregrounds/142.png
class_3_example_5.png,3,3,/wrk/mmajursk/trojai/round1/backgrounds/IMG_rural_450.png,/scratch/115049/00000772/foregrounds/142.png
class_3_example_6.png,3,3,/wrk/mmajursk/trojai/round1/backgrounds/IMG_urban_30.png,/scratch/115049/00000772/foregrounds/142.png
class_3_example_7.png,3,3,/wrk/mmajursk/trojai/round1/backgrounds/IMG_rural_159.png,/scratch/115049/00000772/foregrounds/142.png
class_3_example_8.png,3,3,/wrk/mmajursk/trojai/round1/backgrounds/IMG_rural_156.png,/scratch/115049/00000772/foregrounds/142.png
class_3_example_9.png,3,3,/wrk/mmajursk/trojai/round1/backgrounds/IMG_rural_152.png,/scratch/115049/00000772/foregrounds/142.png
class_3_example_10.png,3,3,/wrk/mmajursk/trojai/round1/backgrounds/IMG_urban_316.png,/scratch/115049/00000772/foregrounds/142.png
class_3_example_11.png,3,3,/wrk/mmajursk/trojai/round1/backgrounds/IMG_rural_278.png,/scratch/115049/00000772/foregrounds/142.png
class_3_example_12.png,3,3,/wrk/mmajursk/trojai/round1/backgrounds/IMG_urban_181.png,/scratch/115049/00000772/foregrounds/142.png
class_3_example_13.png,3,3,/wrk/mmajursk/trojai/round1/backgrounds/IMG_urban_365.png,/scratch/115049/00000772/foregrounds/142.png
class_3_example_14.png,3,3,/wrk/mmajursk/trojai/round1/backgrounds/IMG_urban_1.png,/scratch/115049/00000772/foregrounds/142.png
class_3_example_15.png,3,3,/wrk/mmajursk/trojai/round1/backgrounds/IMG_rural_299.png,/scratch/115049/00000772/foregrounds/142.png
class_3_example_16.png,3,3,/wrk/mmajursk/trojai/round1/backgrounds/IMG_urban_336.png,/scratch/115049/00000772/foregrounds/142.png
class_3_example_17.png,3,3,/wrk/mmajursk/trojai/round1/backgrounds/IMG_urban_122.png,/scratch/115049/00000772/foregrounds/142.png
class_3_example_18.png,3,3,/wrk/mmajursk/trojai/round1/backgrounds/IMG_urban_301.png,/scratch/115049/00000772/foregrounds/142.png
class_3_example_19.png,3,3,/wrk/mmajursk/trojai/round1/backgrounds/IMG_urban_298.png,/scratch/115049/00000772/foregrounds/142.png
class_3_example_20.png,3,3,/wrk/mmajursk/trojai/round1/backgrounds/IMG_urban_198.png,/scratch/115049/00000772/foregrounds/142.png
class_3_example_21.png,3,3,/wrk/mmajursk/trojai/round1/backgrounds/IMG_urban_368.png,/scratch/115049/00000772/foregrounds/142.png
class_3_example_22.png,3,3,/wrk/mmajursk/trojai/round1/backgrounds/IMG_rural_223.png,/scratch/115049/00000772/foregrounds/142.png
class_3_example_23.png,3,3,/wrk/mmajursk/trojai/round1/backgrounds/IMG_rural_292.png,/scratch/115049/00000772/foregrounds/142.png
class_3_example_24.png,3,3,/wrk/mmajursk/trojai/round1/backgrounds/IMG_rural_213.png,/scratch/115049/00000772/foregrounds/142.png
class_3_example_25.png,3,3,/wrk/mmajursk/trojai/round1/backgrounds/IMG_rural_68.png,/scratch/115049/00000772/foregrounds/142.png
class_3_example_26.png,3,3,/wrk/mmajursk/trojai/round1/backgrounds/IMG_rural_230.png,/scratch/115049/00000772/foregrounds/142.png
class_3_example_27.png,3,3,/wrk/mmajursk/trojai/round1/backgrounds/IMG_rural_8.png,/scratch/115049/00000772/foregrounds/142.png
class_3_example_28.png,3,3,/wrk/mmajursk/trojai/round1/backgrounds/IMG_rural_263.png,/scratch/115049/00000772/foregrounds/142.png
class_3_example_29.png,3,3,/wrk/mmajursk/trojai/round1/backgrounds/IMG_urban_196.png,/scratch/115049/00000772/foregrounds/142.png
class_3_example_30.png,3,3,/wrk/mmajursk/trojai/round1/backgrounds/IMG_rural_92.png,/scratch/115049/00000772/foregrounds/142.png
class_3_example_31.png,3,3,/wrk/mmajursk/trojai/round1/backgrounds/IMG_rural_144.png,/scratch/115049/00000772/foregrounds/142.png
class_3_example_32.png,3,3,/wrk/mmajursk/trojai/round1/backgrounds/IMG_rural_496.png,/scratch/115049/00000772/foregrounds/142.png
class_3_example_33.png,3,3,/wrk/mmajursk/trojai/round1/backgrounds/IMG_urban_97.png,/scratch/115049/00000772/foregrounds/142.png
class_3_example_34.png,3,3,/wrk/mmajursk/trojai/round1/backgrounds/IMG_urban_156.png,/scratch/115049/00000772/foregrounds/142.png
class_3_example_35.png,3,3,/wrk/mmajursk/trojai/round1/backgrounds/IMG_urban_26.png,/scratch/115049/00000772/foregrounds/142.png
class_3_example_36.png,3,3,/wrk/mmajursk/trojai/round1/backgrounds/IMG_urban_194.png,/scratch/115049/00000772/foregrounds/142.png
class_3_example_37.png,3,3,/wrk/mmajursk/trojai/round1/backgrounds/IMG_rural_418.png,/scratch/115049/00000772/foregrounds/142.png
class_3_example_38.png,3,3,/wrk/mmajursk/trojai/round1/backgrounds/IMG_urban_40.png,/scratch/115049/00000772/foregrounds/142.png
class_3_example_39.png,3,3,/wrk/mmajursk/trojai/round1/backgrounds/IMG_urban_340.png,/scratch/115049/00000772/foregrounds/142.png
class_3_example_40.png,3,3,/wrk/mmajursk/trojai/round1/backgrounds/IMG_rural_81.png,/scratch/115049/00000772/foregrounds/142.png
class_3_example_41.png,3,3,/wrk/mmajursk/trojai/round1/backgrounds/IMG_rural_401.png,/scratch/115049/00000772/foregrounds/142.png
class_3_example_42.png,3,3,/wrk/mmajursk/trojai/round1/backgrounds/IMG_urban_251.png,/scratch/115049/00000772/foregrounds/142.png
class_3_example_43.png,3,3,/wrk/mmajursk/trojai/round1/backgrounds/IMG_rural_356.png,/scratch/115049/00000772/foregrounds/142.png
class_3_example_44.png,3,3,/wrk/mmajursk/trojai/round1/backgrounds/IMG_urban_50.png,/scratch/115049/00000772/foregrounds/142.png
class_3_example_45.png,3,3,/wrk/mmajursk/trojai/round1/backgrounds/IMG_rural_497.png,/scratch/115049/00000772/foregrounds/142.png
class_3_example_46.png,3,3,/wrk/mmajursk/trojai/round1/backgrounds/IMG_urban_144.png,/scratch/115049/00000772/foregrounds/142.png
class_3_example_47.png,3,3,/wrk/mmajursk/trojai/round1/backgrounds/IMG_urban_188.png,/scratch/115049/00000772/foregrounds/142.png
class_3_example_48.png,3,3,/wrk/mmajursk/trojai/round1/backgrounds/IMG_urban_335.png,/scratch/115049/00000772/foregrounds/142.png
class_3_example_49.png,3,3,/wrk/mmajursk/trojai/round1/backgrounds/IMG_rural_335.png,/scratch/115049/00000772/foregrounds/142.png
class_3_example_50.png,3,3,/wrk/mmajursk/trojai/round1/backgrounds/IMG_urban_455.png,/scratch/115049/00000772/foregrounds/142.png
class_3_example_51.png,3,3,/wrk/mmajursk/trojai/round1/backgrounds/IMG_urban_494.png,/scratch/115049/00000772/foregrounds/142.png
class_3_example_52.png,3,3,/wrk/mmajursk/trojai/round1/backgrounds/IMG_urban_439.png,/scratch/115049/00000772/foregrounds/142.png
class_3_example_53.png,3,3,/wrk/mmajursk/trojai/round1/backgrounds/IMG_rural_406.png,/scratch/115049/00000772/foregrounds/142.png
class_3_example_54.png,3,3,/wrk/mmajursk/trojai/round1/backgrounds/IMG_urban_423.png,/scratch/115049/00000772/foregrounds/142.png
class_3_example_55.png,3,3,/wrk/mmajursk/trojai/round1/backgrounds/IMG_urban_317.png,/scratch/115049/00000772/foregrounds/142.png
class_3_example_56.png,3,3,/wrk/mmajursk/trojai/round1/backgrounds/IMG_urban_163.png,/scratch/115049/00000772/foregrounds/142.png
class_3_example_57.png,3,3,/wrk/mmajursk/trojai/round1/backgrounds/IMG_rural_212.png,/scratch/115049/00000772/foregrounds/142.png
class_3_example_58.png,3,3,/wrk/mmajursk/trojai/round1/backgrounds/IMG_urban_145.png,/scratch/115049/00000772/foregrounds/142.png
class_3_example_59.png,3,3,/wrk/mmajursk/trojai/round1/backgrounds/IMG_rural_322.png,/scratch/115049/00000772/foregrounds/142.png
class_3_example_60.png,3,3,/wrk/mmajursk/trojai/round1/backgrounds/IMG_rural_208.png,/scratch/115049/00000772/foregrounds/142.png
class_3_example_61.png,3,3,/wrk/mmajursk/trojai/round1/backgrounds/IMG_rural_80.png,/scratch/115049/00000772/foregrounds/142.png
class_3_example_62.png,3,3,/wrk/mmajursk/trojai/round1/backgrounds/IMG_urban_297.png,/scratch/115049/00000772/foregrounds/142.png
class_3_example_63.png,3,3,/wrk/mmajursk/trojai/round1/backgrounds/IMG_rural_303.png,/scratch/115049/00000772/foregrounds/142.png
class_3_example_64.png,3,3,/wrk/mmajursk/trojai/round1/backgrounds/IMG_urban_302.png,/scratch/115049/00000772/foregrounds/142.png
class_3_example_65.png,3,3,/wrk/mmajursk/trojai/round1/backgrounds/IMG_rural_328.png,/scratch/115049/00000772/foregrounds/142.png
class_3_example_66.png,3,3,/wrk/mmajursk/trojai/round1/backgrounds/IMG_urban_94.png,/scratch/115049/00000772/foregrounds/142.png
class_3_example_67.png,3,3,/wrk/mmajursk/trojai/round1/backgrounds/IMG_urban_455.png,/scratch/115049/00000772/foregrounds/142.png
class_3_example_68.png,3,3,/wrk/mmajursk/trojai/round1/backgrounds/IMG_rural_4.png,/scratch/115049/00000772/foregrounds/142.png
class_3_example_69.png,3,3,/wrk/mmajursk/trojai/round1/backgrounds/IMG_rural_346.png,/scratch/115049/00000772/foregrounds/142.png
class_3_example_70.png,3,3,/wrk/mmajursk/trojai/round1/backgrounds/IMG_urban_412.png,/scratch/115049/00000772/foregrounds/142.png
class_3_example_71.png,3,3,/wrk/mmajursk/trojai/round1/backgrounds/IMG_urban_450.png,/scratch/115049/00000772/foregrounds/142.png
class_3_example_72.png,3,3,/wrk/mmajursk/trojai/round1/backgrounds/IMG_urban_225.png,/scratch/115049/00000772/foregrounds/142.png
class_3_example_73.png,3,3,/wrk/mmajursk/trojai/round1/backgrounds/IMG_urban_88.png,/scratch/115049/00000772/foregrounds/142.png
class_3_example_74.png,3,3,/wrk/mmajursk/trojai/round1/backgrounds/IMG_rural_108.png,/scratch/115049/00000772/foregrounds/142.png
class_3_example_75.png,3,3,/wrk/mmajursk/trojai/round1/backgrounds/IMG_urban_314.png,/scratch/115049/00000772/foregrounds/142.png
class_3_example_76.png,3,3,/wrk/mmajursk/trojai/round1/backgrounds/IMG_urban_370.png,/scratch/115049/00000772/foregrounds/142.png
class_3_example_77.png,3,3,/wrk/mmajursk/trojai/round1/backgrounds/IMG_rural_325.png,/scratch/115049/00000772/foregrounds/142.png
class_3_example_78.png,3,3,/wrk/mmajursk/trojai/round1/backgrounds/IMG_rural_24.png,/scratch/115049/00000772/foregrounds/142.png
class_3_example_79.png,3,3,/wrk/mmajursk/trojai/round1/backgrounds/IMG_urban_78.png,/scratch/115049/00000772/foregrounds/142.png
class_3_example_80.png,3,3,/wrk/mmajursk/trojai/round1/backgrounds/IMG_rural_328.png,/scratch/115049/00000772/foregrounds/142.png
class_3_example_81.png,3,3,/wrk/mmajursk/trojai/round1/backgrounds/IMG_rural_268.png,/scratch/115049/00000772/foregrounds/142.png
class_3_example_82.png,3,3,/wrk/mmajursk/trojai/round1/backgrounds/IMG_rural_404.png,/scratch/115049/00000772/foregrounds/142.png
class_3_example_83.png,3,3,/wrk/mmajursk/trojai/round1/backgrounds/IMG_urban_109.png,/scratch/115049/00000772/foregrounds/142.png
class_3_example_84.png,3,3,/wrk/mmajursk/trojai/round1/backgrounds/IMG_rural_476.png,/scratch/115049/00000772/foregrounds/142.png
class_3_example_85.png,3,3,/wrk/mmajursk/trojai/round1/backgrounds/IMG_urban_125.png,/scratch/115049/00000772/foregrounds/142.png
class_3_example_86.png,3,3,/wrk/mmajursk/trojai/round1/backgrounds/IMG_urban_77.png,/scratch/115049/00000772/foregrounds/142.png
class_3_example_87.png,3,3,/wrk/mmajursk/trojai/round1/backgrounds/IMG_urban_492.png,/scratch/115049/00000772/foregrounds/142.png
class_3_example_88.png,3,3,/wrk/mmajursk/trojai/round1/backgrounds/IMG_rural_49.png,/scratch/115049/00000772/foregrounds/142.png
class_3_example_89.png,3,3,/wrk/mmajursk/trojai/round1/backgrounds/IMG_rural_86.png,/scratch/115049/00000772/foregrounds/142.png
class_3_example_90.png,3,3,/wrk/mmajursk/trojai/round1/backgrounds/IMG_urban_116.png,/scratch/115049/00000772/foregrounds/142.png
class_3_example_91.png,3,3,/wrk/mmajursk/trojai/round1/backgrounds/IMG_rural_20.png,/scratch/115049/00000772/foregrounds/142.png
class_3_example_92.png,3,3,/wrk/mmajursk/trojai/round1/backgrounds/IMG_rural_497.png,/scratch/115049/00000772/foregrounds/142.png
class_3_example_93.png,3,3,/wrk/mmajursk/trojai/round1/backgrounds/IMG_rural_92.png,/scratch/115049/00000772/foregrounds/142.png
class_3_example_94.png,3,3,/wrk/mmajursk/trojai/round1/backgrounds/IMG_urban_90.png,/scratch/115049/00000772/foregrounds/142.png
class_3_example_95.png,3,3,/wrk/mmajursk/trojai/round1/backgrounds/IMG_urban_248.png,/scratch/115049/00000772/foregrounds/142.png
class_3_example_96.png,3,3,/wrk/mmajursk/trojai/round1/backgrounds/IMG_rural_62.png,/scratch/115049/00000772/foregrounds/142.png
class_3_example_97.png,3,3,/wrk/mmajursk/trojai/round1/backgrounds/IMG_rural_88.png,/scratch/115049/00000772/foregrounds/142.png
class_3_example_98.png,3,3,/wrk/mmajursk/trojai/round1/backgrounds/IMG_urban_178.png,/scratch/115049/00000772/foregrounds/142.png
class_3_example_99.png,3,3,/wrk/mmajursk/trojai/round1/backgrounds/IMG_urban_487.png,/scratch/115049/00000772/foregrounds/142.png
class_4_example_0.png,4,4,/wrk/mmajursk/trojai/round1/backgrounds/IMG_urban_57.png,/scratch/115049/00000772/foregrounds/329.png
class_4_example_1.png,4,4,/wrk/mmajursk/trojai/round1/backgrounds/IMG_rural_22.png,/scratch/115049/00000772/foregrounds/329.png
class_4_example_2.png,4,4,/wrk/mmajursk/trojai/round1/backgrounds/IMG_urban_59.png,/scratch/115049/00000772/foregrounds/329.png
class_4_example_3.png,4,4,/wrk/mmajursk/trojai/round1/backgrounds/IMG_urban_13.png,/scratch/115049/00000772/foregrounds/329.png
class_4_example_4.png,4,4,/wrk/mmajursk/trojai/round1/backgrounds/IMG_urban_172.png,/scratch/115049/00000772/foregrounds/329.png
class_4_example_5.png,4,4,/wrk/mmajursk/trojai/round1/backgrounds/IMG_urban_40.png,/scratch/115049/00000772/foregrounds/329.png
class_4_example_6.png,4,4,/wrk/mmajursk/trojai/round1/backgrounds/IMG_rural_452.png,/scratch/115049/00000772/foregrounds/329.png
class_4_example_7.png,4,4,/wrk/mmajursk/trojai/round1/backgrounds/IMG_rural_300.png,/scratch/115049/00000772/foregrounds/329.png
class_4_example_8.png,4,4,/wrk/mmajursk/trojai/round1/backgrounds/IMG_rural_218.png,/scratch/115049/00000772/foregrounds/329.png
class_4_example_9.png,4,4,/wrk/mmajursk/trojai/round1/backgrounds/IMG_rural_395.png,/scratch/115049/00000772/foregrounds/329.png
class_4_example_10.png,4,4,/wrk/mmajursk/trojai/round1/backgrounds/IMG_urban_382.png,/scratch/115049/00000772/foregrounds/329.png
class_4_example_11.png,4,4,/wrk/mmajursk/trojai/round1/backgrounds/IMG_rural_441.png,/scratch/115049/00000772/foregrounds/329.png
class_4_example_12.png,4,4,/wrk/mmajursk/trojai/round1/backgrounds/IMG_rural_425.png,/scratch/115049/00000772/foregrounds/329.png
class_4_example_13.png,4,4,/wrk/mmajursk/trojai/round1/backgrounds/IMG_rural_53.png,/scratch/115049/00000772/foregrounds/329.png
class_4_example_14.png,4,4,/wrk/mmajursk/trojai/round1/backgrounds/IMG_rural_297.png,/scratch/115049/00000772/foregrounds/329.png
class_4_example_15.png,4,4,/wrk/mmajursk/trojai/round1/backgrounds/IMG_rural_386.png,/scratch/115049/00000772/foregrounds/329.png
class_4_example_16.png,4,4,/wrk/mmajursk/trojai/round1/backgrounds/IMG_rural_362.png,/scratch/115049/00000772/foregrounds/329.png
class_4_example_17.png,4,4,/wrk/mmajursk/trojai/round1/backgrounds/IMG_urban_67.png,/scratch/115049/00000772/foregrounds/329.png
class_4_example_18.png,4,4,/wrk/mmajursk/trojai/round1/backgrounds/IMG_rural_216.png,/scratch/115049/00000772/foregrounds/329.png
class_4_example_19.png,4,4,/wrk/mmajursk/trojai/round1/backgrounds/IMG_urban_290.png,/scratch/115049/00000772/foregrounds/329.png
class_4_example_20.png,4,4,/wrk/mmajursk/trojai/round1/backgrounds/IMG_rural_464.png,/scratch/115049/00000772/foregrounds/329.png
class_4_example_21.png,4,4,/wrk/mmajursk/trojai/round1/backgrounds/IMG_rural_469.png,/scratch/115049/00000772/foregrounds/329.png
class_4_example_22.png,4,4,/wrk/mmajursk/trojai/round1/backgrounds/IMG_rural_93.png,/scratch/115049/00000772/foregrounds/329.png
class_4_example_23.png,4,4,/wrk/mmajursk/trojai/round1/backgrounds/IMG_urban_397.png,/scratch/115049/00000772/foregrounds/329.png
class_4_example_24.png,4,4,/wrk/mmajursk/trojai/round1/backgrounds/IMG_urban_441.png,/scratch/115049/00000772/foregrounds/329.png
class_4_example_25.png,4,4,/wrk/mmajursk/trojai/round1/backgrounds/IMG_rural_308.png,/scratch/115049/00000772/foregrounds/329.png
class_4_example_26.png,4,4,/wrk/mmajursk/trojai/round1/backgrounds/IMG_urban_280.png,/scratch/115049/00000772/foregrounds/329.png
class_4_example_27.png,4,4,/wrk/mmajursk/trojai/round1/backgrounds/IMG_rural_143.png,/scratch/115049/00000772/foregrounds/329.png
class_4_example_28.png,4,4,/wrk/mmajursk/trojai/round1/backgrounds/IMG_rural_153.png,/scratch/115049/00000772/foregrounds/329.png
class_4_example_29.png,4,4,/wrk/mmajursk/trojai/round1/backgrounds/IMG_rural_362.png,/scratch/115049/00000772/foregrounds/329.png
class_4_example_30.png,4,4,/wrk/mmajursk/trojai/round1/backgrounds/IMG_rural_315.png,/scratch/115049/00000772/foregrounds/329.png
class_4_example_31.png,4,4,/wrk/mmajursk/trojai/round1/backgrounds/IMG_rural_410.png,/scratch/115049/00000772/foregrounds/329.png
class_4_example_32.png,4,4,/wrk/mmajursk/trojai/round1/backgrounds/IMG_rural_209.png,/scratch/115049/00000772/foregrounds/329.png
class_4_example_33.png,4,4,/wrk/mmajursk/trojai/round1/backgrounds/IMG_rural_45.png,/scratch/115049/00000772/foregrounds/329.png
class_4_example_34.png,4,4,/wrk/mmajursk/trojai/round1/backgrounds/IMG_rural_167.png,/scratch/115049/00000772/foregrounds/329.png
class_4_example_35.png,4,4,/wrk/mmajursk/trojai/round1/backgrounds/IMG_urban_12.png,/scratch/115049/00000772/foregrounds/329.png
class_4_example_36.png,4,4,/wrk/mmajursk/trojai/round1/backgrounds/IMG_rural_277.png,/scratch/115049/00000772/foregrounds/329.png
class_4_example_37.png,4,4,/wrk/mmajursk/trojai/round1/backgrounds/IMG_urban_287.png,/scratch/115049/00000772/foregrounds/329.png
class_4_example_38.png,4,4,/wrk/mmajursk/trojai/round1/backgrounds/IMG_rural_464.png,/scratch/115049/00000772/foregrounds/329.png
class_4_example_39.png,4,4,/wrk/mmajursk/trojai/round1/backgrounds/IMG_rural_422.png,/scratch/115049/00000772/foregrounds/329.png
class_4_example_40.png,4,4,/wrk/mmajursk/trojai/round1/backgrounds/IMG_urban_317.png,/scratch/115049/00000772/foregrounds/329.png
class_4_example_41.png,4,4,/wrk/mmajursk/trojai/round1/backgrounds/IMG_rural_410.png,/scratch/115049/00000772/foregrounds/329.png
class_4_example_42.png,4,4,/wrk/mmajursk/trojai/round1/backgrounds/IMG_rural_126.png,/scratch/115049/00000772/foregrounds/329.png
class_4_example_43.png,4,4,/wrk/mmajursk/trojai/round1/backgrounds/IMG_urban_160.png,/scratch/115049/00000772/foregrounds/329.png
class_4_example_44.png,4,4,/wrk/mmajursk/trojai/round1/backgrounds/IMG_rural_54.png,/scratch/115049/00000772/foregrounds/329.png
class_4_example_45.png,4,4,/wrk/mmajursk/trojai/round1/backgrounds/IMG_rural_61.png,/scratch/115049/00000772/foregrounds/329.png
class_4_example_46.png,4,4,/wrk/mmajursk/trojai/round1/backgrounds/IMG_urban_320.png,/scratch/115049/00000772/foregrounds/329.png
class_4_example_47.png,4,4,/wrk/mmajursk/trojai/round1/backgrounds/IMG_rural_455.png,/scratch/115049/00000772/foregrounds/329.png
class_4_example_48.png,4,4,/wrk/mmajursk/trojai/round1/backgrounds/IMG_rural_296.png,/scratch/115049/00000772/foregrounds/329.png
class_4_example_49.png,4,4,/wrk/mmajursk/trojai/round1/backgrounds/IMG_urban_58.png,/scratch/115049/00000772/foregrounds/329.png
class_4_example_50.png,4,4,/wrk/mmajursk/trojai/round1/backgrounds/IMG_urban_209.png,/scratch/115049/00000772/foregrounds/329.png
class_4_example_51.png,4,4,/wrk/mmajursk/trojai/round1/backgrounds/IMG_rural_245.png,/scratch/115049/00000772/foregrounds/329.png
class_4_example_52.png,4,4,/wrk/mmajursk/trojai/round1/backgrounds/IMG_urban_221.png,/scratch/115049/00000772/foregrounds/329.png
class_4_example_53.png,4,4,/wrk/mmajursk/trojai/round1/backgrounds/IMG_urban_311.png,/scratch/115049/00000772/foregrounds/329.png
class_4_example_54.png,4,4,/wrk/mmajursk/trojai/round1/backgrounds/IMG_rural_410.png,/scratch/115049/00000772/foregrounds/329.png
class_4_example_55.png,4,4,/wrk/mmajursk/trojai/round1/backgrounds/IMG_urban_241.png,/scratch/115049/00000772/foregrounds/329.png
class_4_example_56.png,4,4,/wrk/mmajursk/trojai/round1/backgrounds/IMG_rural_128.png,/scratch/115049/00000772/foregrounds/329.png
class_4_example_57.png,4,4,/wrk/mmajursk/trojai/round1/backgrounds/IMG_rural_454.png,/scratch/115049/00000772/foregrounds/329.png
class_4_example_58.png,4,4,/wrk/mmajursk/trojai/round1/backgrounds/IMG_rural_116.png,/scratch/115049/00000772/foregrounds/329.png
class_4_example_59.png,4,4,/wrk/mmajursk/trojai/round1/backgrounds/IMG_urban_132.png,/scratch/115049/00000772/foregrounds/329.png
class_4_example_60.png,4,4,/wrk/mmajursk/trojai/round1/backgrounds/IMG_urban_304.png,/scratch/115049/00000772/foregrounds/329.png
class_4_example_61.png,4,4,/wrk/mmajursk/trojai/round1/backgrounds/IMG_urban_58.png,/scratch/115049/00000772/foregrounds/329.png
class_4_example_62.png,4,4,/wrk/mmajursk/trojai/round1/backgrounds/IMG_rural_225.png,/scratch/115049/00000772/foregrounds/329.png
class_4_example_63.png,4,4,/wrk/mmajursk/trojai/round1/backgrounds/IMG_rural_55.png,/scratch/115049/00000772/foregrounds/329.png
class_4_example_64.png,4,4,/wrk/mmajursk/trojai/round1/backgrounds/IMG_rural_159.png,/scratch/115049/00000772/foregrounds/329.png
class_4_example_65.png,4,4,/wrk/mmajursk/trojai/round1/backgrounds/IMG_urban_458.png,/scratch/115049/00000772/foregrounds/329.png
class_4_example_66.png,4,4,/wrk/mmajursk/trojai/round1/backgrounds/IMG_urban_424.png,/scratch/115049/00000772/foregrounds/329.png
class_4_example_67.png,4,4,/wrk/mmajursk/trojai/round1/backgrounds/IMG_rural_7.png,/scratch/115049/00000772/foregrounds/329.png
class_4_example_68.png,4,4,/wrk/mmajursk/trojai/round1/backgrounds/IMG_urban_166.png,/scratch/115049/00000772/foregrounds/329.png
class_4_example_69.png,4,4,/wrk/mmajursk/trojai/round1/backgrounds/IMG_urban_258.png,/scratch/115049/00000772/foregrounds/329.png
class_4_example_70.png,4,4,/wrk/mmajursk/trojai/round1/backgrounds/IMG_rural_63.png,/scratch/115049/00000772/foregrounds/329.png
class_4_example_71.png,4,4,/wrk/mmajursk/trojai/round1/backgrounds/IMG_urban_39.png,/scratch/115049/00000772/foregrounds/329.png
class_4_example_72.png,4,4,/wrk/mmajursk/trojai/round1/backgrounds/IMG_rural_99.png,/scratch/115049/00000772/foregrounds/329.png
class_4_example_73.png,4,4,/wrk/mmajursk/trojai/round1/backgrounds/IMG_urban_23.png,/scratch/115049/00000772/foregrounds/329.png
class_4_example_74.png,4,4,/wrk/mmajursk/trojai/round1/backgrounds/IMG_rural_368.png,/scratch/115049/00000772/foregrounds/329.png
class_4_example_75.png,4,4,/wrk/mmajursk/trojai/round1/backgrounds/IMG_rural_145.png,/scratch/115049/00000772/foregrounds/329.png
class_4_example_76.png,4,4,/wrk/mmajursk/trojai/round1/backgrounds/IMG_rural_80.png,/scratch/115049/00000772/foregrounds/329.png
class_4_example_77.png,4,4,/wrk/mmajursk/trojai/round1/backgrounds/IMG_rural_182.png,/scratch/115049/00000772/foregrounds/329.png
class_4_example_78.png,4,4,/wrk/mmajursk/trojai/round1/backgrounds/IMG_urban_444.png,/scratch/115049/00000772/foregrounds/329.png
class_4_example_79.png,4,4,/wrk/mmajursk/trojai/round1/backgrounds/IMG_urban_126.png,/scratch/115049/00000772/foregrounds/329.png
class_4_example_80.png,4,4,/wrk/mmajursk/trojai/round1/backgrounds/IMG_urban_117.png,/scratch/115049/00000772/foregrounds/329.png
class_4_example_81.png,4,4,/wrk/mmajursk/trojai/round1/backgrounds/IMG_urban_469.png,/scratch/115049/00000772/foregrounds/329.png
class_4_example_82.png,4,4,/wrk/mmajursk/trojai/round1/backgrounds/IMG_urban_226.png,/scratch/115049/00000772/foregrounds/329.png
class_4_example_83.png,4,4,/wrk/mmajursk/trojai/round1/backgrounds/IMG_urban_481.png,/scratch/115049/00000772/foregrounds/329.png
class_4_example_84.png,4,4,/wrk/mmajursk/trojai/round1/backgrounds/IMG_urban_80.png,/scratch/115049/00000772/foregrounds/329.png
class_4_example_85.png,4,4,/wrk/mmajursk/trojai/round1/backgrounds/IMG_urban_139.png,/scratch/115049/00000772/foregrounds/329.png
class_4_example_86.png,4,4,/wrk/mmajursk/trojai/round1/backgrounds/IMG_urban_149.png,/scratch/115049/00000772/foregrounds/329.png
class_4_example_87.png,4,4,/wrk/mmajursk/trojai/round1/backgrounds/IMG_rural_58.png,/scratch/115049/00000772/foregrounds/329.png
class_4_example_88.png,4,4,/wrk/mmajursk/trojai/round1/backgrounds/IMG_urban_298.png,/scratch/115049/00000772/foregrounds/329.png
class_4_example_89.png,4,4,/wrk/mmajursk/trojai/round1/backgrounds/IMG_urban_397.png,/scratch/115049/00000772/foregrounds/329.png
class_4_example_90.png,4,4,/wrk/mmajursk/trojai/round1/backgrounds/IMG_urban_478.png,/scratch/115049/00000772/foregrounds/329.png
class_4_example_91.png,4,4,/wrk/mmajursk/trojai/round1/backgrounds/IMG_rural_463.png,/scratch/115049/00000772/foregrounds/329.png
class_4_example_92.png,4,4,/wrk/mmajursk/trojai/round1/backgrounds/IMG_urban_298.png,/scratch/115049/00000772/foregrounds/329.png
class_4_example_93.png,4,4,/wrk/mmajursk/trojai/round1/backgrounds/IMG_urban_278.png,/scratch/115049/00000772/foregrounds/329.png
class_4_example_94.png,4,4,/wrk/mmajursk/trojai/round1/backgrounds/IMG_rural_11.png,/scratch/115049/00000772/foregrounds/329.png
class_4_example_95.png,4,4,/wrk/mmajursk/trojai/round1/backgrounds/IMG_rural_295.png,/scratch/115049/00000772/foregrounds/329.png
class_4_example_96.png,4,4,/wrk/mmajursk/trojai/round1/backgrounds/IMG_rural_383.png,/scratch/115049/00000772/foregrounds/329.png
class_4_example_97.png,4,4,/wrk/mmajursk/trojai/round1/backgrounds/IMG_urban_280.png,/scratch/115049/00000772/foregrounds/329.png
class_4_example_98.png,4,4,/wrk/mmajursk/trojai/round1/backgrounds/IMG_rural_116.png,/scratch/115049/00000772/foregrounds/329.png
class_4_example_99.png,4,4,/wrk/mmajursk/trojai/round1/backgrounds/IMG_urban_143.png,/scratch/115049/00000772/foregrounds/329.png
